Task_name,TaskID,Department,Status,Assigned_to,Task_assign_date,Assigned_by
Task1,t1,IT,unassigned,,,
Task2,t2,Admin,unassigned,,,
Task3,t3,IT,unassigned,,,
Task4,t4,Admin,unassigned,,,
Task5,t5,IT,unassigned,,,
Task6,t6,Admin,unassigned,,,
Task7,t7,IT,unassigned,,,
Task8,t8,Admin,unassigned,,,
Task9,t9,IT,unassigned,,,
Task10,t10,Admin,unassigned,,,
Task11,t11,IT,unassigned,,,
Task12,t12,Admin,unassigned,,,
Task13,t13,IT,unassigned,,,
Task14,t14,Admin,unassigned,,,
Task15,t15,IT,unassigned,,,
Task16,t16,Admin,unassigned,,,
Task17,t17,IT,unassigned,,,
Task18,t18,Admin,unassigned,,,
Task19,t19,IT,unassigned,,,
Task20,t20,Admin,unassigned,,,
Task21,t21,IT,unassigned,,,
Task22,t22,Admin,unassigned,,,
Task23,t23,IT,unassigned,,,
Task24,t24,Admin,unassigned,,,
Task25,t25,IT,unassigned,,,
Task26,t26,Admin,unassigned,,,
Task27,t27,IT,unassigned,,,
